{
  "Ansi 0 Color" : {
    "Green Component" : 0.12941176470588237,
    "Red Component" : 0.11764705882352941,
    "Blue Component" : 0.15294117647058825
  },
  "Tags" : [

  ],
  "Ansi 12 Color" : {
    "Green Component" : 0.67180883884429932,
    "Red Component" : 0.34587877988815308,
    "Blue Component" : 0.9987521767616272
  },
  "Guid" : "1DB72A33-0545-4D72-BEE5-FA21E8D5D5E3",
  "Normal Font" : "MesloLGMForPowerline-Regular 12.2",
  "Bold Color" : {
    "Green Component" : 0.74774473905563354,
    "Red Component" : 0.71537381410598755,
    "Blue Component" : 0.81480300426483154
  },
  "Ansi 2 Color" : {
    "Green Component" : 0.72638434171676636,
    "Red Component" : 0.53152436017990112,
    "Blue Component" : 0.39974290132522583
  },
  "Ansi 3 Color" : {
    "Green Component" : 0.70514953136444092,
    "Red Component" : 0.86970347166061401,
    "Blue Component" : 0.40846776962280273
  },
  "Custom Directory" : "No",
  "Rows" : 25,
  "Default Bookmark" : "No",
  "Cursor Guide Color" : {
    "Red Component" : 0.70213186740875244,
    "Color Space" : "sRGB",
    "Blue Component" : 1,
    "Alpha Component" : 0.25,
    "Green Component" : 0.9268307089805603
  },
  "Non-ASCII Anti Aliased" : true,
  "Use Bright Bold" : true,
  "Ansi 10 Color" : {
    "Green Component" : 0.8412100076675415,
    "Red Component" : 0.61288726329803467,
    "Blue Component" : 0.45990046858787537
  },
  "Use Cursor Guide" : false,
  "Icon" : 0,
  "Ambiguous Double Width" : false,
  "Jobs to Ignore" : [
    "rlogin",
    "ssh",
    "slogin",
    "telnet"
  ],
  "Ansi 15 Color" : {
    "Green Component" : 0.66868430376052856,
    "Red Component" : 0.63631373643875122,
    "Blue Component" : 0.75526618957519531
  },
  "Foreground Color" : {
    "Green Component" : 0.63642358779907227,
    "Red Component" : 0.60774445533752441,
    "Blue Component" : 0.69588643312454224
  },
  "Bound Hosts" : [

  ],
  "Working Directory" : "\/Users\/daniel",
  "Blinking Cursor" : true,
  "Use Tab Color" : false,
  "Sync Title" : false,
  "Prompt Before Closing 2" : false,
  "BM Growl" : true,
  "Command" : "",
  "Description" : "Default",
  "Smart Cursor Color" : false,
  "Disable Window Resizing" : true,
  "Screen" : -1,
  "Selection Color" : {
    "Green Component" : 0.23529411764705882,
    "Red Component" : 0.21568627450980393,
    "Blue Component" : 0.28627450980392155
  },
  "Initial Use Transparency" : false,
  "Mouse Reporting" : true,
  "Columns" : 80,
  "Idle Code" : 0,
  "Ansi 13 Color" : {
    "Green Component" : 0.41257083415985107,
    "Red Component" : 0.82537251710891724,
    "Blue Component" : 0.96143209934234619
  },
  "Title Components" : 1,
  "Custom Command" : "No",
  "ASCII Anti Aliased" : true,
  "Non Ascii Font" : "Monaco 12",
  "Vertical Spacing" : 1,
  "Use Bold Font" : true,
  "Option Key Sends" : 0,
  "Selected Text Color" : {
    "Green Component" : 0.63529411764705879,
    "Red Component" : 0.60784313725490191,
    "Blue Component" : 0.69803921568627447
  },
  "Background Color" : {
    "Green Component" : 0.12867720425128937,
    "Red Component" : 0.1178457960486412,
    "Blue Component" : 0.15356595814228058
  },
  "Character Encoding" : 4,
  "Ansi 11 Color" : {
    "Green Component" : 0.80701065063476562,
    "Red Component" : 0.9959147572517395,
    "Blue Component" : 0.46791279315948486
  },
  "Use Italic Font" : true,
  "Unlimited Scrollback" : false,
  "Keyboard Map" : {
    "0xf700-0x260000" : {
      "Action" : 10,
      "Text" : "[1;6A"
    },
    "0x37-0x40000" : {
      "Action" : 11,
      "Text" : "0x1f"
    },
    "0x32-0x40000" : {
      "Action" : 11,
      "Text" : "0x00"
    },
    "0xf709-0x20000" : {
      "Action" : 10,
      "Text" : "[17;2~"
    },
    "0xf70c-0x20000" : {
      "Action" : 10,
      "Text" : "[20;2~"
    },
    "0xf729-0x20000" : {
      "Action" : 10,
      "Text" : "[1;2H"
    },
    "0xf72b-0x40000" : {
      "Action" : 10,
      "Text" : "[1;5F"
    },
    "0xf705-0x20000" : {
      "Action" : 10,
      "Text" : "[1;2Q"
    },
    "0xf703-0x260000" : {
      "Action" : 10,
      "Text" : "[1;6C"
    },
    "0xf700-0x220000" : {
      "Action" : 10,
      "Text" : "[1;2A"
    },
    "0xf701-0x280000" : {
      "Action" : 11,
      "Text" : "0x1b 0x1b 0x5b 0x42"
    },
    "0x38-0x40000" : {
      "Action" : 11,
      "Text" : "0x7f"
    },
    "0x33-0x40000" : {
      "Action" : 11,
      "Text" : "0x1b"
    },
    "0xf703-0x220000" : {
      "Action" : 10,
      "Text" : "[1;2C"
    },
    "0xf701-0x240000" : {
      "Action" : 10,
      "Text" : "[1;5B"
    },
    "0xf70d-0x20000" : {
      "Action" : 10,
      "Text" : "[21;2~"
    },
    "0xf702-0x260000" : {
      "Action" : 10,
      "Text" : "[1;6D"
    },
    "0xf729-0x40000" : {
      "Action" : 10,
      "Text" : "[1;5H"
    },
    "0xf706-0x20000" : {
      "Action" : 10,
      "Text" : "[1;2R"
    },
    "0x34-0x40000" : {
      "Action" : 11,
      "Text" : "0x1c"
    },
    "0xf700-0x280000" : {
      "Action" : 11,
      "Text" : "0x1b 0x1b 0x5b 0x41"
    },
    "0x2d-0x40000" : {
      "Action" : 11,
      "Text" : "0x1f"
    },
    "0xf70e-0x20000" : {
      "Action" : 10,
      "Text" : "[23;2~"
    },
    "0xf702-0x220000" : {
      "Action" : 10,
      "Text" : "[1;2D"
    },
    "0xf703-0x280000" : {
      "Action" : 11,
      "Text" : "0x1b 0x1b 0x5b 0x43"
    },
    "0xf700-0x240000" : {
      "Action" : 10,
      "Text" : "[1;5A"
    },
    "0xf707-0x20000" : {
      "Action" : 10,
      "Text" : "[1;2S"
    },
    "0xf70a-0x20000" : {
      "Action" : 10,
      "Text" : "[18;2~"
    },
    "0x35-0x40000" : {
      "Action" : 11,
      "Text" : "0x1d"
    },
    "0xf70f-0x20000" : {
      "Action" : 10,
      "Text" : "[24;2~"
    },
    "0xf703-0x240000" : {
      "Action" : 10,
      "Text" : "[1;5C"
    },
    "0xf701-0x260000" : {
      "Action" : 10,
      "Text" : "[1;6B"
    },
    "0xf702-0x280000" : {
      "Action" : 11,
      "Text" : "0x1b 0x1b 0x5b 0x44"
    },
    "0xf72b-0x20000" : {
      "Action" : 10,
      "Text" : "[1;2F"
    },
    "0x36-0x40000" : {
      "Action" : 11,
      "Text" : "0x1e"
    },
    "0xf708-0x20000" : {
      "Action" : 10,
      "Text" : "[15;2~"
    },
    "0xf701-0x220000" : {
      "Action" : 10,
      "Text" : "[1;2B"
    },
    "0xf70b-0x20000" : {
      "Action" : 10,
      "Text" : "[19;2~"
    },
    "0xf702-0x240000" : {
      "Action" : 10,
      "Text" : "[1;5D"
    },
    "0xf704-0x20000" : {
      "Action" : 10,
      "Text" : "[1;2P"
    }
  },
  "Window Type" : 13,
  "Cursor Boost" : 0,
  "Cursor Type" : 2,
  "Background Image Location" : "",
  "Blur" : false,
  "Badge Color" : {
    "Red Component" : 1,
    "Color Space" : "sRGB",
    "Blue Component" : 0,
    "Alpha Component" : 0.5,
    "Green Component" : 0.1491314172744751
  },
  "Scrollback Lines" : 1000,
  "Send Code When Idle" : false,
  "Close Sessions On End" : true,
  "Terminal Type" : "xterm-256color",
  "Visual Bell" : false,
  "Flashing Bell" : false,
  "Silence Bell" : true,
  "Use Underline Color" : true,
  "Ansi 14 Color" : {
    "Green Component" : 0.76449495553970337,
    "Red Component" : 0.3224620521068573,
    "Blue Component" : 0.82634669542312622
  },
  "Name" : "One Dark Main",
  "Cursor Text Color" : {
    "Red Component" : 0,
    "Color Space" : "sRGB",
    "Blue Component" : 0,
    "Alpha Component" : 1,
    "Green Component" : 0
  },
  "Minimum Contrast" : 0,
  "Shortcut" : "",
  "Cursor Color" : {
    "Red Component" : 0.6705882352941176,
    "Color Space" : "sRGB",
    "Blue Component" : 0.74901960784313726,
    "Alpha Component" : 1,
    "Green Component" : 0.69803921568627447
  },
  "Transparency" : 0,
  "Ansi 1 Color" : {
    "Green Component" : 0.33154326677322388,
    "Red Component" : 0.83982789516448975,
    "Blue Component" : 0.38427838683128357
  },
  "Horizontal Spacing" : 1,
  "Link Color" : {
    "Red Component" : 0,
    "Color Space" : "sRGB",
    "Blue Component" : 0.73423302173614502,